Örnjägare tagen på bar gärning, Dagens Nyheter, 2005-05-18, 2
Öppen spärrlinje ger brandsäkerhet, Dagens Nyheter, 2005-05-18, 2
Är vissa journalister för skarpsynta?, Dagens Nyheter, 2005-05-18, 2
lång väntan Många elever får lunchmat som har hållits varm, Svenska Dagbladet, 2005-05-18, 1
lÅlder: 20­30 år lHittades på stranden lKlädd i kostym lHar, Aftonbladet, 2005-05-18, 2
Vägskälet i Uzbekistan, Expressen, 2005-05-18, 2
VÅRUTSTÄLLNING Konstfacks elever visar nu upp sina, Svenska Dagbladet, 2005-05-18, 2
Vitaminer förstörs när skolmat fraktas, Svenska Dagbladet, 2005-05-18, 1
Visst är flickor duktigast, Expressen, 2005-05-18, 2
Vilakazi nära Dif-övergång, Aftonbladet, 2005-05-18, 2
Video barnförbjuds, Expressen, 2005-05-18, 2
Victoria på gång igen efter skadan, Expressen, 2005-05-18, 3
Victoria Svensson är fullt frisk igen och uttagen till EM i, Svenska Dagbladet, 2005-05-18, 3
Vi-handlare tjänar på Axfoods affärer, Svenska Dagbladet, 2005-05-18, 2
Vi såg, Expressen, 2005-05-18, 2
Vem har rätt att göra motstånd?, Aftonbladet, 2005-05-18, 2
Vem bestämmer över vem?, Dagens Nyheter, 2005-05-18, 2
Varför vill Örn ta radion ifrån mig? Grön oas offras på politikens altare, Svenska Dagbladet, 2005-05-18, 1
Varför ska bara Bush få ha atombomber?, Svenska Dagbladet, 2005-05-18, 1
Var femte svensk har en mp3, Svenska Dagbladet, 2005-05-18, 2
Valutan styr kursen på semesterresan Statligt bolag ger vd sparken, Svenska Dagbladet, 2005-05-18, 1
Valparna fick avlivas direkt. Smugglades in på färjan från Polen, Expressen, 2005-05-18, 1
Vad måste ni se upp med i kväll?, Svenska Dagbladet, 2005-05-18, 2
Upplagt för nya strider, Svenska Dagbladet, 2005-05-18, 2
Unga skapar sin trygghet själva I morgon:, Dagens Nyheter, 2005-05-18, 3
Unga kvinnor jobbar ofta tills de stupar, Svenska Dagbladet, 2005-05-18, 1
Ulf Olssons DNA fanns i Jannica, Aftonbladet, 2005-05-18, 2
USA indraget i oljefiffel, Dagens Nyheter, 2005-05-18, 1
USA hjälpte Saddam smuggla, Dagens Nyheter, 2005-05-18, 1
Utpekad HD-domare har erkänt, Dagens Nyheter, 2005-05-18, 1
Tävling om Tensta avgjord, Svenska Dagbladet, 2005-05-18, 2
Tälttätare i Danmark, Aftonbladet, 2005-05-18, 2
Tre ficktjuvar greps på Berns Fyra häktade för dödsmisshandel, Svenska Dagbladet, 2005-05-18, 2
Tre ficktjuvar greps på Berns, Svenska Dagbladet, 2005-05-18, 2
Tre Kronor vinnare - i lottningen., Expressen, 2005-05-18, 2
Trafikolyckorna i innerstaden väntas minska, när, Svenska Dagbladet, 3
Toyotas F1-team kan pusta ut., Expressen, 2005-05-18, 3
Toby ­ sköldpadda med rätt att leva, Aftonbladet, 2005-05-18, 3
Timander kan bli kvar i Modo, Expressen, 2005-05-18, 2
Tidigt placerad i periferin, Svenska Dagbladet, 2005-05-18, 1
Tiggare förbjuds i Bangkok, Aftonbladet, 2005-05-18, 2
Terapin gav mig kraften tillbaka, Svenska Dagbladet, 2005-05-18, 3
Tema satsar på Latinamerika, Aftonbladet, 2005-05-18, 2
Teleföretagen sätter sitt hopp till mobil-tv, Svenska Dagbladet, 2005-05-18, 2
Tele 5 tar in fyra nya miljoner TV 4 får stöd av Konkurrensverket Ericsson tecknar avtal i Brasilien, Svenska Dagbladet, 2005-05-18, 2
TV4 får stöd av Konkurrensverket, Dagens Nyheter, 2005-05-18, 2
TUSENLAPPEN/oddset. Bajen börjar klättringen, Expressen, 2005-05-18, 2
Två skadade vid krock på Värmdöleden, Dagens Nyheter, 2005-05-18, 2
Tvingades bryta efter hjärtdrama, Aftonbladet, 2005-05-18, 1
Turkiska soldater dödade av mina, Dagens Nyheter, 2005-05-18, 1
Turkiet var ett pionjärland i den muslimska världen när det, Svenska Dagbladet, 2005-05-18, 2
Tur för touren., Expressen, 2005-05-18, 2
Sågad och hånad: Martin har inte en chans, Expressen, 2005-05-18, 1
Så mycket får råvarorna kosta i kronor: Salem 5, 76, Svenska Dagbladet, 2
Så fick miljonärerna sitt skärgårdsparadis, Dagens Nyheter, 2005-05-18, 2
Så avgörs derbyt, Expressen, 2005-05-18, 2
Spyskatt i Natal, Aftonbladet, 2005-05-18, 2
Spelet bakom Sella-affären, Aftonbladet, 2005-05-18, 1
Skärpning, Stockholm, Aftonbladet, 1
Skvallrar du får du böta, Expressen, 2005-05-18, 1
Ska läkare undersöka alla unga som idrottar?, Aftonbladet, 2005-05-18, 1
Seger: Jag ska avgöra hela EM, Aftonbladet, 2005-05-18, 3
Se Berlin från vattnet, Aftonbladet, 2005-05-18, 2
Salina öser in mål - men får inte plats ändå, Expressen, 2005-05-18, 1
SVT: Fel låt vann. Misstag att skicka Stenmarck till Kiev: Det var en, Expressen, 2005-05-18, 1 
SNACKA OM SOPPATORSK, Aftonbladet, 2005-05-18, 1
SAS förhandlar om miljardaffär med Singaporebolag, Svenska Dagbladet, 2005-05-18, 2
Synen på trygghet förändrad, Dagens Nyheter, 2005-05-18, 2
Synd om hjältarna när de ska avrättas, Svenska Dagbladet, 2005-05-18, 1
Svidande skadestånd för Morgan Stanley, Svenska Dagbladet, 2005-05-18, 1
Sveriges bästa slutar - efter tränarbråk, Expressen, 2005-05-18, 1
Sverige bäst på jämställdhet, Dagens Nyheter, 2005-05-18, 3
Sverige bäst på jämställdhet, Dagens Nyheter, 2005-05-18, 3
Svensk prisas för manus, Svenska Dagbladet, 2005-05-18, 3
Svensk man misstänks skyldig till att 353 dog, Expressen, 2005-05-18, 3
Svenskarna för fina för Europaschlager, Aftonbladet, 2005-05-18, 1
Svenska damtouren får Europastatus, Dagens Nyheter, 2005-05-18, 2
Svagt uppåt på börsen, Dagens Nyheter, 2005-05-18, 2
Svanberg räddar Dif, Aftonbladet, 2005-05-18, 3
Sudoku i var britts huvud, Dagens Nyheter, 2005-05-18, 2
Storstäder hänger på strandtrenden, Aftonbladet, 2005-05-18, 2
Storlagen obesegrade ­ en skräll, Aftonbladet, 2005-05-18, 3
Storklubbarna: Hälsokontroller måste vara samhällets ansvar, Svenska Dagbladet, 2005-05-18, 2
Stopp för rysk gasmonopolfusion, Dagens Nyheter, 2005-05-18, 2
Stockholm slår rekord, Aftonbladet, 2005-05-18, 2
Stjärnan slutar efter schism, Svenska Dagbladet, 2005-05-18, 1
Stenmarck sångare ­ i Sha-Boom, Aftonbladet, 2005-05-18, 2
Statliga fastighetsbolaget Jernhusen har sparkat sin vd., Svenska Dagbladet, 2005-05-18, 2
Star Wars-stjärnan hittade hemmafru, Aftonbladet, 2005-05-18, 2
S Ygeman tror på nystart, Dagens Nyheter, 2005-05-18, 2
Röggning­den nya krogflirten, Aftonbladet, 2005-05-18, 2
Råd till föräldrar, Dagens Nyheter, 2005-05-18, 2
Rätt pris till Åland, Aftonbladet, 2005-05-18, 2
Rädda liv, Expressen, 2005-05-18, 2
Räntesänkning gynnar sysselsättningen enligt KI, Dagens Nyheter, 2005-05-18, 2
Royal League-finalen flyttas inte., Expressen, 2005-05-18, 2
Rosneft vann rysk dragkamp, Svenska Dagbladet, 2005-05-18, 3
Robert Wells vill rädda en strandsatt kollega: Så löser ni gåtan med, Expressen, 2005-05-18, 2
Riskerar åtal efter hånet, Aftonbladet, 2005-05-18, 2
Rimligt att kontrakt ärvs, Dagens Nyheter, 2005-05-18, 2
Riksdagspartier eniga om flyktingamnesti, Svenska Dagbladet, 2005-05-18, 2
Riksbanken oenig om framtida räntesänkning, Dagens Nyheter, 2005-05-18, 2
Riksbanken enig om oförändrad ränta, Svenska Dagbladet, 2005-05-18, 2
Riksbanken enig om att låta räntan ligga Försäkringsbolag slår kassarekord, Svenska Dagbladet, 2005-05-18, 2
Res i Da Vinci-kodens spår, Aftonbladet, 2005-05-18, 2
Renare bad i EU, Aftonbladet, 2005-05-18, 2
Regementsdöd väntar USA, Dagens Nyheter, 2005-05-18, 1
Rapport från sydfronten, Dagens Nyheter, 2005-05-18, 2
Raljerande om barns skydd förvånar, Svenska Dagbladet, 2005-05-18, 1
ROT-avdraget illa planerat, Dagens Nyheter, 2005-05-18, 1
Rum utan utsikt bjuder på ny design, Svenska Dagbladet, 2005-05-18, 2
PÅ VAKT MED vapen, Aftonbladet, 2005-05-18, 2
Proffs i Spanien., Expressen, 2005-05-18, 2
Pressen ökar på uzbekiska regimen, Dagens Nyheter, 2005-05-18, 2
Popcornsdags, Dagens Nyheter, 2005-05-18, 2
Plötsligt börjar jakten på rovdjurskapitalismen, Aftonbladet, 2005-05-18, 1
Piratdebatten undviker kärnfrågan, Svenska Dagbladet, 2005-05-18, 1
Phir visar vägar till psykisk hälsa, Svenska Dagbladet, 2005-05-18, 3
Persbrandt nobbar även Aftonbladet, Dagens Nyheter, 2005-05-18, 3
Pergo väcker talan om patentintrång, Dagens Nyheter, 2005-05-18, 2
Parkinsonsjuka får ingen livränta, Dagens Nyheter, 2005-05-18, 1
Pytonormen slukade en hund, Expressen, 2005-05-18, 2
Publiken höll andan ­ men pippin hade flax, Aftonbladet, 2005-05-18, 2
Lönsamt kvartal för försäkringsbolagen, Dagens Nyheter, 2005-05-18, 2
Låga svenska boräntor kan bli ännu lägre, Svenska Dagbladet, 2005-05-18, 1
Lätt VM-lottning för Tre Kronor, Dagens Nyheter, 2005-05-18, 2
Läsvanor i förändring, Svenska Dagbladet, 2005-05-18, 2
Lär dig kinesisk vett och etikett, Aftonbladet, 2005-05-18, 2
Läkarna glömde skruv i hans fot, Expressen, 2005-05-18, 1
Lämnar Hammarby., Expressen, 2005-05-18, 2
Lockoutvarsel i papperskonflikten, Dagens Nyheter, 2005-05-18, 2
Ljusare tider för byggare i Stockholm, Dagens Nyheter, 2005-05-18, 3
Livstidsstraff väntar gisslantagare från Beslandramat, Dagens Nyheter, 2005-05-18, 2
Linda Nyberg mamma - igen, Expressen, 2005-05-18, 2
Larsen bandar alla mål, Aftonbladet, 2005-05-18, 2
Lagstifta inte bort pappa!, Expressen, 2005-05-18, 1
Lyckat lokalval för Berlusconi, Dagens Nyheter, 2005-05-18, 2
Lusth tränare i Italien., Expressen, 2005-05-18, 2
Kronan fortsätter att falla, Dagens Nyheter, 2005-05-18, 2
Krislösning modell s, Dagens Nyheter, 2005-05-18, 2
Kraftig brand i hyreshus, Dagens Nyheter, 2005-05-18, 2
Korsnäs vd tvingades säga upp sig, Dagens Nyheter, 2005-05-18, 1
Korsnäs vd fick sparken, Dagens Nyheter, 2005-05-18, 2
Konsumenter påverkas inte av trängselavgiften, Dagens Nyheter, 2005-05-18, 2
Konstnärer för unionsupplösningen, Dagens Nyheter, 2005-05-18, 2
Kommentar: Upplysningsrätt, Expressen, 2005-05-18, 2
Kommunala skärgårdshus hyrs ut billigt till förmögna, Dagens Nyheter, 2005-05-18, 1
Klassisk jazzkvartett på Grönan, Dagens Nyheter, 2005-05-18, 2
Klartecken till Klippans nyemission, Dagens Nyheter, 2005-05-18, 2
Kd kräver sänkt köavgift, Svenska Dagbladet, 2005-05-18, 2
Kan vårdköpen möjligen gå snett?, Svenska Dagbladet, 2005-05-18, 2
Kalmar åter bäst bland landstingen, Dagens Nyheter, 2005-05-18, 2
Kylie: Jag har bröstcancer, Aftonbladet, 2005-05-18, 1
Kvinnors värde varierar, Dagens Nyheter, 2005-05-18, 1
Kvalfyllt för svenskar i Paris, Svenska Dagbladet, 2005-05-18, 1
Kuwaits kvinnor höjer sina röster, Svenska Dagbladet, 2005-05-18, 3
Kungligt kul. Victoria och Daniel såg kärare ut än någonsin, Expressen, 2005-05-18, 3
Kung på banan, Expressen, 2005-05-18, 3
Kundflykt tar Skandia till nytt bottenrekord, Svenska Dagbladet, 2005-05-18, 1
Kunderna fortsätter att fly Skandia., Svenska Dagbladet, 2005-05-18, 1
Kulturnät Sverige lever vidare, Svenska Dagbladet, 2005-05-18, 3
Jättesensation av Indianerna, Dagens Nyheter, 2005-05-18, 2
Jodå, visst finns det galna feministfundamentalister, Aftonbladet, 1
Jobbkarusellen snurrar fort i Sverige, Dagens Nyheter, 2005-05-18, 2
Jobbflykt, Aftonbladet, 2005-05-18, 1
Jim Jarmusch utmanar favoriter, Dagens Nyheter, 2005-05-18, 2
Japanska turister skyr Kina, Dagens Nyheter, 2005-05-18, 1
Jakten på Guldpalmen, Svenska Dagbladet, 2005-05-18, 2
Jag är mest glad om ingen slåss, Expressen, 2005-05-18, 1
Jag kommer aldrig att bli lyckligare någon annanstans., Expressen, 2005-05-18, 1
JK stoppar utredning om närradiohot mot krögarpar, Dagens Nyheter, 2005-05-18, 2
Jusjtjenko dök upp på festen, Aftonbladet, 2005-05-18, 2
Ju äldre jag blir desto närmare rycker kriget, Svenska Dagbladet, 2005-05-18, 1
Ingenting går Stenis väg, Expressen, 2005-05-18, 1
Ingen återbäring till midsommar, Aftonbladet, 2005-05-18, 1
Ingen äger orden public service, Aftonbladet, 2005-05-18, 2
Ingen i Fi får prata politik, Aftonbladet, 2005-05-18, 1
Högt spel under ytan, Expressen, 2005-05-18, 2
Hög omsättning på jobben, Svenska Dagbladet, 2005-05-18, 2
Hårt vatten, Aftonbladet, 2005-05-18, 2
Hälsoenkät i Älvsjö efter dödsfallet, Svenska Dagbladet, 2005-05-18, 2
Hotfull expert hos Orback manas sluta, Dagens Nyheter, 2005-05-18, 2
Hotellbranden tros vara anlagd, Svenska Dagbladet, 2005-05-18, 2
Hotet mot den stora planen, Svenska Dagbladet, 2005-05-18, 2
Homodagen firades, 2, Svenska Dagbladet, 2005-05-18
Hjärtfelet tvingade talangen att lägga av, Dagens Nyheter, 2005-05-18, 1
Hektiskt för Anna, Expressen, 2005-05-18, 1
Heder åt väktare Rothstein, Dagens Nyheter, 2005-05-18, 3
Har du ändrat dig om Dogville?, Svenska Dagbladet, 2005-05-18, 2
Han filmade sin egen död, Aftonbladet, 2005-05-18, 2
Han vill få näringslivet att våga tänka nytt, Dagens Nyheter, 2005-05-18, 2
Göteborgare kvar i israeliskt häkte, Dagens Nyheter, 2005-05-18, 2
GÖR NYA KRYP, Aftonbladet, 2005-05-18, 2
Gisslandramat fick en blodig upplösning, Dagens Nyheter, 2005-05-18, 1
Ge freden en chans i kväll, Dagens Nyheter, 2005-05-18, 2
Gatuvåldet ökar., Aftonbladet, 2005-05-18, 2
Gubbarna vill ha en kvinna, Aftonbladet, 2005-05-18, 1
Först nedflyttade - nu kommer nästa smäll:. Svenskarnas lön halveras, Expressen, 2005-05-18, 1
Fängelsedom för vargskytt tas upp i riksdagen, Dagens Nyheter, 2005-05-18, 2
Från trumslagare till kapellmästare, dirigent och producent, Dagens Nyheter, 3
Från Johannes Paulus till Benedictus, Svenska Dagbladet, 2005-05-18, 2
Fruarnas desperata förflutna. Nu sprids bilderna från stjärnornas erotiska, Expressen, 2005-05-18, 1
Friidrotten fick till ny duell, Svenska Dagbladet, 2005-05-18, 2
Fri kunskapssökning har inte en chans, Svenska Dagbladet, 2005-05-18, 1
Fri entré klipp för museernas kaféer, Svenska Dagbladet, 2005-05-18, 2
Fortsatt fall för kronan, Dagens Nyheter, 2005-05-18, 2
Folkvald inte längre på livstid, Dagens Nyheter, 2005-05-18, 2
Flickor på moped i krock med lastbil, Svenska Dagbladet, 2005-05-18, 2
Flickgäng gripet av polis, Dagens Nyheter, 2005-05-18, 2
Flera tips om svenskar som liknar Pianomannen, Expressen, 2005-05-18, 2
Fjärde man gripen för dödsmisshandel, Dagens Nyheter, 2005-05-18, 2
Fjärde man anhölls för mordet på Marcus, Expressen, 2005-05-18, 2
Fixa debatten själva, Svenska Dagbladet, 2005-05-18, 1
Fiskgjusar hotade av Perssons hus. Naturvännernas överklagande kan stoppa, Expressen, 2005-05-18, 2
Fina fisken i Phuket, Aftonbladet, 2005-05-18, 2
Fifa får frist skriva på antidopningsavtal, Dagens Nyheter, 2005-05-18, 2
Fet ­- folk glor och dömer mig, Aftonbladet, 2005-05-18, 1
Femomenalt!, Aftonbladet, 2005-05-18, 3
Fem partier föreslår en allmän asylrätt, Dagens Nyheter, 2005-05-18, 2
Familjen är ett omöjligt uppdrag, Svenska Dagbladet, 2005-05-18, 1
Facket hotar med strejk, Dagens Nyheter, 2005-05-18, 2
Fyra går garanterat till final, Aftonbladet, 2005-05-18, 2
Ericsson ska sköta mobilnät i São Paulo, Dagens Nyheter, 2005-05-18, 2
Enda överlevande terroristen inför rätta för skolmassakern i Beslan, Aftonbladet, 2005-05-18, 2
Englands åsnor får ta rast, Aftonbladet, 2005-05-18, 2
En våldsam brand totalförstörde delar av ett fyravåningshus, Svenska Dagbladet, 2005-05-18, 2
En kniv i hjärtat. En krossad skalle. En mosad käke., Aftonbladet, 2005-05-18, 1
En hämnd av maffian, Aftonbladet, 2005-05-18, 1
En fyllekörning i hästväg, Aftonbladet, 2005-05-18, 2
En månads fängelse för våldsam fotbollsspelare, Dagens Nyheter, 2005-05-18, 2
En månad i Bangkok ­ för 6444 kr, Aftonbladet, 2005-05-18, 2
Elias himmelsfärd, Expressen, 2005-05-18, 2
Elin, 22 slår ut alla stjärnor, Aftonbladet, 2
Elden tog halvt kvarter, Dagens Nyheter, 2005-05-18, 2
Egyptiskt motstånd mot folkomröstning, Dagens Nyheter, 2005-05-18, 2
Efter morden, Aftonbladet, 2005-05-18, 2
Edwardsons första ungdomsbok, Dagens Nyheter, 2005-05-18, 2
Experterna: Bind räntan, Aftonbladet, 2005-05-18, 2
Eurosport storsatsar - sänder allting, Expressen, 2005-05-18, 2
Ett ögonblick, Aftonbladet, 2005-05-18, 2
Ett piano talar till tusen, Dagens Nyheter, 2005-05-18, 2
Ett nytt Landvetter, Aftonbladet, 2005-05-18, 2
Ett noll till sötnosen, Expressen, 2005-05-18, 2
Eternitskolan 1. Fattiglappar och torparkex, Dagens Nyheter, 2005-05-18, 2
Domarstriden i USA hårdnar, Svenska Dagbladet, 2005-05-18, 2
Djurplågeri att inte ingripa, Dagens Nyheter, 2005-05-18, 1
Det är vi män som måste montera ned patriarkatet, Dagens Nyheter, 2005-05-18, 2
Det är fåglarnas fel att grodor spontansprängs, Aftonbladet, 2005-05-18, 1
Det oändliga kriget, Dagens Nyheter, 2005-05-18, 1
Det luktar invigning i Skeppsmalen, Dagens Nyheter, 2005-05-18, 2
Det här är ingen satsning ­- det är konstgjord andning, Aftonbladet, 2005-05-18, 1
Destinys Child bjöd på hits i 190, Expressen, 2005-05-18, 2
Den plötsliga hjärtdöden, Dagens Nyheter, 2005-05-18, 1
Den bengaliska tigern Krishna och hennes tre månader, Aftonbladet, 2005-05-18, 2
Danskt hjältemod granskas, Svenska Dagbladet, 2005-05-18, 2
Danskarna har fått mersmak, Svenska Dagbladet, 2005-05-18, 2
DNA från piggen avslöjade - det var en hona, Expressen, 2005-05-18, 2
DN-avslöjande väckte Norge, Dagens Nyheter, 2005-05-18, 2
Dubbelt norskt firande i år, Svenska Dagbladet, 2005-05-18, 2
Cronenberg kommer till filmfestivalen, Expressen, 2005-05-18, 2
Clem Snide till Sverige, Expressen, 2005-05-18, 2
Cirkusmuseum till Skåne, Dagens Nyheter, 2005-05-18, 2
Chodorkovskij får vänta på sitt straff, Dagens Nyheter, 2005-05-18, 2
Censurerad, moi?, Expressen, 2
Caroline redo att bli svenskt Segerrecept, Svenska Dagbladet, 2005-05-18, 2
Cancersjuka Kylie i tårar. Det kom som en chock, Expressen, 2005-05-18, 1
Bryssel bromsar kinesiska t-tröjor Bryssel bromsar kinesiska t-tröjor, Svenska Dagbladet, 2005-05-18, 2
Britney i natt: Kevin sa nej när jag friade, Expressen, 2005-05-18, 2
Brand i Gävlehotell misstänks vara anlagd, Dagens Nyheter, 2005-05-18, 2
Boräntan på ny bottennivå, Svenska Dagbladet, 2005-05-18, 2
Bortgallrad ­ av Putin, Aftonbladet, 2005-05-18, 1
Bort från Nuders taktikspel, Svenska Dagbladet, 2005-05-18, 1
Bookmakers: Elena vinner, Aftonbladet, 2005-05-18, 2
Bloom härmar ödlor, Expressen, 2005-05-18, 2
Björkman: Martin är chanslös, Aftonbladet, 2005-05-18, 2
Biståndet efter tsunamin bygger upp ny fattigdom, Dagens Nyheter, 2005-05-18, 1
Billström ser sig som en vinnare, Dagens Nyheter, 2005-05-18, 2
Billig stughyra klipp för chef, Dagens Nyheter, 2005-05-18, 1
Billiga sommarhus gick till miljonärer, Dagens Nyheter, 2005-05-18, 1
Bilbälte inte populärt i Rinkeby, Svenska Dagbladet, 2005-05-18, 2
Barnläkare avvisar masstest, Dagens Nyheter, 2005-05-18, 2
Barngala på Gröna Lund, Expressen, 2005-05-18, 2
Bakgrund Ett avancerat analysarbete, Dagens Nyheter, 2005-05-18, 2
BRÄNNPUNKT: ETT TYSTARE SVERIGE? Del 7., Svenska Dagbladet, 2005-05-18, 2
Byt ut bönorna -­ nu våras det för te, Aftonbladet, 2005-05-18, 3
Burdarás köper ny storpost, Svenska Dagbladet, 2005-05-18, 1
Antalet nynazister stiger kraftigt, Dagens Nyheter, 2005-05-18, 2
Anne-Li kan golfa igen, Aftonbladet, 2005-05-18, 2
Allt fler kroggäster utsätts för stölder, Dagens Nyheter, 2005-05-18, 2
Alcatel drar sig ur mobilsatsning, Svenska Dagbladet, 2005-05-18, 2
Aktien steg efter Bröndbys seger, Svenska Dagbladet, 2005-05-18, 2
Atlas flyttade hem och vann kunskap, Aftonbladet, 2005-05-18, 3
Orange overaller till orosstiftarna, Dagens Nyheter, 2005-05-18, 2
Omtvistad debatt på väg lämna tv-rutan, Dagens Nyheter, 2005-05-18, 2
Okänd våldsman överfaller kvinnor, Aftonbladet, 2005-05-18, 1
Oenighet om räntesänkning i framtiden, Dagens Nyheter, 2005-05-18, 2
Nästan som spanjorerna, Dagens Nyheter, 2005-05-18, 2
När det som inte får hända inträffar i tunnelbanan, Dagens Nyheter, 2005-05-18, 1
Norsk dynamit sänkte båt, Dagens Nyheter, 2005-05-18, 2
Norrman dödsföll från Eiffeltornet, Dagens Nyheter, 2005-05-18, 1
Nordkorea tvingas flytta till Bangkok, Expressen, 2005-05-18, 2
Nordiska länder i topp, Dagens Nyheter, 2005-05-18, 2
Nintendo hoppas på en Revolution, Aftonbladet, 2005-05-18, 2
Nattvardens väg till längre liv, Svenska Dagbladet, 2005-05-18, 2
Nationalscen bjuder in Norén, Svenska Dagbladet, 2005-05-18, 2
Nya DNA-bevis mot Ulf Olsson, Dagens Nyheter, 2005-05-18, 2
Nya tongångar i orkesterdiket, Svenska Dagbladet, 2005-05-18, 2
Ny uppfinning ger dig alltid en god morgon, Expressen, 2005-05-18, 2
Ny union på gång, Carola och Runar?, Expressen, 2
Ny idol tar Sverige med storm?, Svenska Dagbladet, 2005-05-18, 2
Mördarbin till attack ­ minst 15 skadades, Aftonbladet, 2005-05-18, 1
Mobilen på landet ökar cancerrisk. Nu larmar svenska forskare, Expressen, 2005-05-18, 1
Mobil-tv ska öka trafiken i Telias nät, Svenska Dagbladet, 2005-05-18, 2
Misstänkt mordbrand i Nackahus, Aftonbladet, 2005-05-18, 2
Ministern backar efter nya dödsfall, Dagens Nyheter, 2005-05-18, 2
Mindre utländskt ägande i Ericsson, Dagens Nyheter, 2005-05-18, 2
Miljardär skapar norskt Nobelpris, Dagens Nyheter, 2005-05-18, 2
Michael Jackson tränas för att vittna, Expressen, 2005-05-18, 1
Med döden bakom mig, Expressen, 2005-05-18, 2
Mattsson redo att möta Liljegren: Självklart ställer jag upp, Expressen, 2005-05-18, 2
Matilda Pöljö, 9 år: - Det är nog ganska bra., Svenska Dagbladet, 2
Marxism som lever, Dagens Nyheter, 2005-05-18, 2
Marinstaden - en ny enklav för de välbeställda, Dagens Nyheter, 2005-05-18, 1
22 miljarder ska hjälpa Sri Lanka, Dagens Nyheter, 2005-05-18, 2
2 döda pojkar ­ då reagerar ministern, Aftonbladet, 2005-05-18, 2
140 t-banevagnar kontrolleras, Dagens Nyheter, 2005-05-18, 2
Terroristen borde slitas i stycken. Kaos vid Beslan-rättegången, Expressen, 2005-05-18, 1
Giljotinen står uppsatt och klar, Aftonbladet, 2005-05-18, 1
Det är inte jätteovanligt att unga kvinnor drabbas, Expressen, 2005-05-18, 2
Malin ville träffa nya vänner genom Facebookgrupp - ingen dök upp, Unknown, 2022-01-01, 1
Även Rumänien hårt drabbat, Dagens Nyheter, 2007-07-26, 2
Äktenskapets krav, Expressen, 2007-07-26, 2
Välkänd radioreklam för snabba sms-lån förbjuds, Dagens Nyheter, 2007-07-26, 2
Vägverket dras med miljardskuld, Dagens Nyheter, 2007-07-26, 2
Volvo storsatsar på etanol, Aftonbladet, 2007-07-26, 2
Volvo rasade på börsen, Dagens Nyheter, 2007-07-26, 2
Volvo hängde löst i Länken, Aftonbladet, 2007-07-26, 2
Vinstlyft för Invik, Dagens Nyheter, 2007-07-26, 2
Vinsten blir 4 nya knän, Aftonbladet, 2007-07-26, 2
Vikarier kan också göra tv, Svenska Dagbladet, 2007-07-26, 2
Vetenskapliga framsteg och ett gott skratt, Svenska Dagbladet, 2007-07-26, 3
Verkstad hjälper börsen uppåt, Svenska Dagbladet, 2007-07-26, 2
Vem tycker du är Sveriges bäst klädde man?, Expressen, 2007-07-26, 2
Vd-varningar var inte tillräckliga, Svenska Dagbladet, 2007-07-26, 2
Vattenfall har tappat fokus, Svenska Dagbladet, 2007-07-26, 1
Varmaste sommaren på 120 år i Bulgarien, Dagens Nyheter, 2007-07-26, 2
Vad håller moderaterna på med?, Svenska Dagbladet, 2007-07-26, 1
Usher gifter sig med Tameka, Expressen, 2007-07-26, 2
Urtråkig fighting, Aftonbladet, 2007-07-26, 1
Uppåt på Wall Street, Svenska Dagbladet, 2007-07-26, 2
Ulrich Mühe från De andras liv död, Dagens Nyheter, 2007-07-26, 2
USA:s bopriser kan sänka ekonomin, Svenska Dagbladet, 2007-07-26, 2
Utnämningsmakt, Dagens Nyheter, 2007-07-26, 2
U-båtar eller flygplan, Borg?, Aftonbladet, 1
Tårdrypande klassiker, Dagens Nyheter, 2007-07-26, 2
Trögare än väntat för Iphone, Svenska Dagbladet, 2007-07-26, 2
Tror du på änglar?, Aftonbladet, 2007-07-26, 2
Tom hyr hela bion - för 14 000, Aftonbladet, 2007-07-26, 2
Tjeckisk ölfejd snart färdigbryggd - Amerikanska Budweiserbryggeriet pekas ut, Dagens Nyheter, 2007-07-26, 2
Tid för reflektion, Svenska Dagbladet, 2007-07-26, 2
Taxichaffis blev blåst - och biten, Aftonbladet, 2007-07-26, 1
Tar strid för veteraner, Expressen, 2007-07-26, 3
Tysklands återförening ett mysterium, Svenska Dagbladet, 2007-07-26, 2
Tvingades byta nummer, Expressen, 2007-07-26, 1
Turmålet räddade Elfsborg: Viktigast att vi är vidare, Aftonbladet, 2007-07-26, 2
Tuff konkurrent till Olsson missar VM, Dagens Nyheter, 2007-07-26, 2
Sömnsjuka skadar hjärtat, Expressen, 2007-07-26, 2
Så här skulle stan dränkas, Expressen, 2007-07-26, 1
Sätt punkt för misstankarna om köpta generaldirektörer, Dagens Nyheter, 2007-07-26, 2
Spion ska kolla in Debrecen - och hettan som dödat 500, Expressen, 2007-07-26, 2
Spara lite mjölk till mig, brorsan!, Aftonbladet, 2
Spanska toner för Coldplay, Aftonbladet, 2007-07-26, 2
Skattesmäll för tidigare Skandiachef, Dagens Nyheter, 2007-07-26, 2
Skadegörelse och stölder hårt slag mot lånecyklar, Dagens Nyheter, 2007-07-26, 2
Skandaler jagar bort turisterna, Expressen, 2007-07-26, 1
Sjövädret viktigare än nyhetsbulletinen, Svenska Dagbladet, 2007-07-26, 2
Sjunger in två miljoner, Expressen, 2007-07-26, 2
Sim City fixar DS-makeover, Aftonbladet, 2007-07-26, 2
Sex misstänks för politiska mord, Svenska Dagbladet, 2007-07-26, 2
Sena bygglov försenar många lånecyklar, Dagens Nyheter, 2007-07-26, 2
Segelfartyg med kurs på Stockholm, Svenska Dagbladet, 2007-07-26, 2
Satsa på Kalmar, Expressen, 2007-07-26, 2
Satans taxi rullar vidare, Aftonbladet, 2007-07-26, 1
Sataniska siffror, Dagens Nyheter, 2007-07-26, 1
Sarkozy vill stärka banden med Libyen, Dagens Nyheter, 2007-07-26, 2
Sarkozy i möte med Khadaffi, Aftonbladet, 2007-07-26, 2
Saabs sydafrikanska köp klart, Svenska Dagbladet, 2007-07-26, 2
SKRÄCKEN OMBORD, Aftonbladet, 2007-07-26, 1
Svårt stifta egna fildelningslagar, Svenska Dagbladet, 2007-07-26, 2
Svår väg tillbaka in i samhället, Svenska Dagbladet, 2007-07-26, 2
Svensson: Håller inte, Aftonbladet, 2007-07-26, 
Svensk orientering saknar en stjärna, Dagens Nyheter, 2007-07-26, 2
Svenska kommuner struntar i varningarna, Dagens Nyheter, 2007-07-26, 1
Svennis nästa stjärnvärvning - serbiske jätten Zigic, Expressen, 2007-07-26, 2
Suicidala lekar, Expressen, 2007-07-26, 2
Stöldanklagelse kan stänga Facebook, Dagens Nyheter, 2007-07-26, 2
Stämd för idéstöld, Svenska Dagbladet, 2007-07-26, 2
Statsråd vacklar i säkerhetsfrågor, Svenska Dagbladet, 2007-07-26, 2
Stampen fortfarande hotad, Svenska Dagbladet, 2007-07-26, 2
Rolling Stones kan dyka upp på jazzklubb i Göteborg, Expressen, 2007-07-26, 2
Risk för kallt krig om gas och olja, Svenska Dagbladet, 2007-07-26, 2
Reklam för sms-lån stoppas, Svenska Dagbladet, 2007-07-26, 2
Rekordhetta plågar Sydeuropa, Svenska Dagbladet, 2007-07-26, 2
Rekord för aboriginsk målning, Dagens Nyheter, 2007-07-26, 2
Rednex stämmer falska kopiorna, Expressen, 2007-07-26, 2
Regeringens skatteförslag sågas, Svenska Dagbladet, 2007-07-26, 1
Regnet och högkonjunkturen ger skjuts åt resebyrån Ticket, Dagens Nyheter, 2007-07-26, 2
Realistiskt om utanförskap, Svenska Dagbladet, 2007-07-26, 2
Rattfyllot dödade två - nu vill han få tillbaka körkortet, Expressen, 2007-07-26, 2
Ryskt lyft för Tele2, Svenska Dagbladet, 2007-07-26, 2
Påkörda - av bil utan förare, Aftonbladet, 2007-07-26, 2
Psykläkaren slog sin hustru - och hotade med AK 4, Aftonbladet, 2007-07-26, 1
Prostitution är människohandel, Aftonbladet, 2007-07-26, 1
Problem på USA-marknaden tynger Volvo Lastvagnar, Dagens Nyheter, 2007-07-26, 2
Porrstjärna - då bröt familjen, Aftonbladet, 2007-07-26, 1
Posh håller hårt i sin make, Aftonbladet, 2007-07-26, 2
Polisen misstänker: Kvinna mördad vid svensk camping, Expressen, 2007-07-26, 2
Pirater bakom Blidökvinnan, Expressen, 2007-07-26, 1
Pilane gravfält ­särskilt sevärt, Svenska Dagbladet, 2007-07-26, 3
Pionjär som provocerar, Svenska Dagbladet, 2007-07-26, 2
Paris blir miljömedveten, Aftonbladet, 2007-07-26, 2
Passagerarrekord för Öresundstågen, Dagens Nyheter, 2007-07-26, 2
Putin: Telefon åt alla senast 2009, Aftonbladet, 2007-07-26, 2
Pussla dig rik, Aftonbladet, 2007-07-26, 2
Låt journalisterna inspektera köket, Svenska Dagbladet, 2007-07-26, 2
Lågt vatten i norr - högt i söder, Svenska Dagbladet, 2007-07-26, 2
Låg död på bergstopp, Expressen, 2007-07-26, 2
Lägre handelsöverskott i år, Dagens Nyheter, 2007-07-26, 2
Lohan: Jag är oskyldig, Expressen, 2007-07-26, 2
Ljungberg nära mål i debuten, Expressen, 2007-07-26, 2
Lindsay: Jag är oskyldig, Aftonbladet, 2007-07-26, 2
Lever ni gott på översvämningen?, Svenska Dagbladet, 2007-07-26, 1
Kråkan blev en brandbomb, Aftonbladet, 2007-07-26, 1
Kräkvarning för tvillingar, Aftonbladet, 2007-07-26, 2
Kreditköp ökar bland hushållen Svenskens köpglädje har fördubblats på tre, Dagens Nyheter, 2007-07-26, 2
Kosovo utanför FN, Dagens Nyheter, 2007-07-26, 2
Klassiskt sånglustspel i lyckad nytappning, Svenska Dagbladet, 2007-07-26, 2
Klart i natt: albelin blir NHL-tränare, Expressen, 2007-07-26, 2
Kims agent till Frankrike i dag - ska få Lyon att ta Valencias bud, Aftonbladet, 2007-07-26, 2
Katten Oscar vet när döden nalkas, Aftonbladet, 2007-07-26, 1
Kapitalets Torpeder, Svenska Dagbladet, 2007-07-26, 1
Kvinna krockade med lastbil - dog, Aftonbladet, 2007-07-26, 2
Kul!, Aftonbladet, 2007-07-26, 3
Jöback gör roll i ny film, Aftonbladet, 2007-07-26, 2
Joni Mitchell släpper skiva på Starbucks, Dagens Nyheter, 2007-07-26, 2
Jakten på den heliga elefanten, Expressen, 2007-07-26, 2
Jaget möter världen ur bakhåll, Svenska Dagbladet, 2007-07-26, 2
Ja!, Aftonbladet, 2007-07-26, 3
Ja till vattenkraft, Expressen, 2007-07-26, 2
Ja till kvalitetsfilm - men nej till statlig biograf, Dagens Nyheter, 2007-07-26, 2
Israel öppnar för avtal om en palestinsk stat, Svenska Dagbladet, 2007-07-26, 2
Isaac hel efter sträckningen, Dagens Nyheter, 2007-07-26, 2
Irakisk fotbollsyra, Svenska Dagbladet, 2007-07-26, 2
Irak till final efter straffdramatik, Dagens Nyheter, 2007-07-26, 2
Intern svårt misshandlad på Hall, Svenska Dagbladet, 2007-07-26, 2
Inte ung nog för vården, Aftonbladet, 2007-07-26, 1
Inte så nördigt- mera galet, Aftonbladet, 2007-07-26, 2
Inte bra - men förtvivlat svårt att hitta ett bättre alternativ, Aftonbladet, 2007-07-26, 1
Ingen lätt landning, Aftonbladet, 2007-07-26, 1
Ingen idé skylla värk på telemast, Aftonbladet, 2007-07-26, 2
Ingen generell lönediskriminering, Svenska Dagbladet, 2007-07-26, 3
Här exploderar gastankarna, Expressen, 2007-07-26, 1
Hämtade posten - sköts, Expressen, 2007-07-26, 1
Homofientlig domare uppläxad, Svenska Dagbladet, 2007-07-26, 1
Hem är inte där vi bor - utan där hjärtat finns, Aftonbladet, 2007-07-26, 3
Han är bäst klädd, Expressen, 2007-07-26, 3
Hur i helvete är man funtad när man sätter allt på spel?, Aftonbladet, 2007-07-26, 1
Hunddjävlar, Expressen, 2007-07-26, 1
Greker har bildat pakt - vill inte ha Paris Hilton som svärdotter, Expressen, 2007-07-26, 2
Gitarristen blev doktor, Aftonbladet, 2007-07-26, 2
Gisslandramat krävde dödsoffer, Svenska Dagbladet, 2007-07-26, 2
Försvaret allra viktigast i fredstid, Svenska Dagbladet, 2007-07-26, 2
Först Kilroy, sedan Söderlund, Dagens Nyheter, 2
Förebilden för Bellmans sångmö, Dagens Nyheter, 2007-07-26, 2
Fängelse och utvisning för au pair-mord, Dagens Nyheter, 2007-07-26, 2
Friskt vågat, Expressen, 2007-07-26, 2
Fria bankomatkort på väg att försvinna, Dagens Nyheter, 2007-07-26, 2
Frankrike utlovar kärnkraft, Dagens Nyheter, 2007-07-26, 2
Fp vill ge kulturen skatterabatt, Svenska Dagbladet, 2007-07-26, 2
Ford återkallar 42000 Volvo, Svenska Dagbladet, 2007-07-26, 2
Folk har glömt hur det var tidigare, Expressen, 2007-07-26, 2
Flickor skadade på Rixfestival, Aftonbladet, 2007-07-26, 2
Fler unga stockholmskor blir alkoholister, Svenska Dagbladet, 2007-07-26, 2
Feta vänner gör dig fet, Expressen, 2007-07-26, 1
Fel fosterland, Dagens Nyheter, 2007-07-26, 2
Falken vaktar - som en hök, Expressen, 2007-07-26, 2
Full rulle, Dagens Nyheter, 2007-07-26, 3
Emmaboda ser sitt sista ljus, Svenska Dagbladet, 2007-07-26, 1
Elva års fängelse och utvisning för Jelenas mördare, Expressen, 2007-07-26, 2
EU kan tvingas lämna ut namn på lobbyister, Dagens Nyheter, 2007-07-26, 2
Experten: Blir inte förvånad över något, Expressen, 2007-07-26, 1
Everett: Två män ska inte skaffa barn, Aftonbladet, 2007-07-26, 1
Europas hetta skördar liv, Aftonbladet, 2007-07-26, 2
Etiopien kör ut Röda Korset, Svenska Dagbladet, 2007-07-26, 1
Dödade svenskens kamrat hemma, Aftonbladet, 2007-07-26, 2
Död kvinna hittad vid camping, Dagens Nyheter, 2007-07-26, 2
Drömmen lever, Expressen, 2007-07-26, 3
Din omgivning påverkar din vikt, Svenska Dagbladet, 2007-07-26, 2
Diktatoriskt, Dagens Nyheter, 2007-07-26, 1
Diaz kär i Ford, Expressen, 2007-07-26, 2
Det vore kul att polimisera med killarna, Dagens Nyheter, 2007-07-26, 2
De vill bli nästa Bondbrud, Aftonbladet, 2007-07-26, 2
De regerar på bloggen, Dagens Nyheter, 2007-07-26, 2
Dumpades vid stupet, Aftonbladet, 2007-07-26, 1
Courtney Love på väg att tyna bort, Expressen, 2007-07-26, 1
Constantine, Expressen, 2007-07-26, 2
Civila plan lyfte Boeing, Svenska Dagbladet, 2007-07-26, 2
Christers eldorado är en Cadillac i delar, Svenska Dagbladet, 2007-07-26, 2
Chelseas manager indragen i spelskandal, Dagens Nyheter, 2007-07-26, 2
Carro jagar spjutformen inför VM: Har inte funkat alls, Expressen, 2007-07-26, 2
Chippens nya lön: 104 milj, Expressen, 2007-07-26, 2
Cykelsporten kan kastas ut från OS, Svenska Dagbladet, 2007-07-26, 2
Britney stal och saboterade kläder och juveler för 150 000 kronor, Expressen, 2007-07-26, 1
Britterna rustar för nytt klimat, Dagens Nyheter, 2007-07-26, 2
Blodsbandet gör inte föräldrarna, Svenska Dagbladet, 2007-07-26, 2
Blod, rock och tårar, Dagens Nyheter, 2
Bildbeviset: Det finns män utan hjärna, Expressen, 2007-07-26, 2
Bananjättar misstänks för priskartell, Aftonbladet, 2007-07-26, 2
Bajen vann toppmöte, Svenska Dagbladet, 2007-07-26, 2
BLÄCKFISKAR HOTAR KUSTEN, Aftonbladet, 2007-07-26, 2
Assa får inte köpa i Sydkorea, Svenska Dagbladet, 2007-07-26, 2
Arlandatåg blev stående i timmar, Dagens Nyheter, 2007-07-26, 2
Andra svenskproffs som spelade i går, Expressen, 2007-07-26, 2
Amerikansk kvinna dog i mc-olycka utanför Örebro, Expressen, 2007-07-26, 2
Allt färre unga arbetslösa, Svenska Dagbladet, 2007-07-26, 3
Albelin blir NHL-coach, Aftonbladet, 2007-07-26, 2
Ost-attack mot väst, Expressen, 2007-07-26, 2
Oskarshamn blir Springfield, Svenska Dagbladet, 2007-07-26, 2
Omöjligt uppdrag värt mödan, Expressen, 2007-07-26, 3
Ombudsmannen hjälper alla EU-invånare, Dagens Nyheter, 2007-07-26, 2
Nytt läkarlarm: Sömn- rubbning hjärt- skador, Expressen, 2007-07-26, 1
Mördaren får elva år i fängelse, Aftonbladet, 2007-07-26, 2
Märtha Louise är en banbrytande förebild, Expressen, 2007-07-26, 3
Mourinho indragen i spelskandal, Aftonbladet, 2007-07-26, 2
Motorbåt krockade med segelbåt, Dagens Nyheter, 2007-07-26, 2
Mordmisstänkt gick till polisen, Svenska Dagbladet, 2007-07-26, 2
Mordmisstänkt får rätt att vägra psykundersökning, Svenska Dagbladet, 2007-07-26, 2
Moszkowiczs Kaddisch en ljusstark liten pärla, Svenska Dagbladet, 2007-07-26, 3
Mitchell går kafévägen, Svenska Dagbladet, 2007-07-26, 2
Missionär dödades av talibanerna, Expressen, 2007-07-26, 2
Misstänkt polismördare undersöks inte, Dagens Nyheter, 2007-07-26, 2
Mischa Barton vill bli Bondbrud, Expressen, 2007-07-26, 2
Minimalt utrymme för felskär i Volvo, Svenska Dagbladet, 2007-07-26, 2
Marginalmål kräver rejäla vinstlyft, Svenska Dagbladet, 2007-07-26, 2
Makedoniska brandmän får svensk hjälp, Dagens Nyheter, 2007-07-26, 2
Mupparna får nytt liv - visas på museum, Aftonbladet, 2007-07-26, 2
31-årig kvinna skars till döds i campingstuga, Expressen, 2007-07-26, 1
Jag blev djupt deprimerad, Expressen, 2007-07-26, 1
Hon kommer till helvetet, Expressen, 2007-07-26, 1
Elmander är en naturbegåvning, Expressen, 2007-07-26, 3
Det känns hemskt, Expressen, 2007-07-26, 1
De fina teorierna skiljer sig från verkligheten, Expressen, 2007-07-26, 1
Örikets hundår, Dagens Nyheter, 2008-01-30, 2
Östros ska ta duellen med Borg, Svenska Dagbladet, 2008-01-30, 2
Östros fick platsen vid Sahlin, Dagens Nyheter, 2008-01-30, 2
Åtal för krympt porrbeslag, Svenska Dagbladet, 2008-01-30, 2
Älgjägare dog i skoterkrock, Aftonbladet, 2008-01-30, 2
Yra eller skymning?, Aftonbladet, 2008-01-30, 2
Yahoo gick bättre än väntat, Svenska Dagbladet, 2008-01-30, 2
Wretlind gör världen hörbar, Svenska Dagbladet, 2008-01-30, 
Williams sorg kan försena nya Moodyson, Aftonbladet, 2008-01-30, 2
Världsrekordet är inom räckhåll, Svenska Dagbladet, 2008-01-30, 3
Världens smartaste pr-trick, Aftonbladet, 2008-01-30, 3
Vägrade hälsa på Hillary, Expressen, 2008-01-30, 2
Vov, vilka väldigt ovanliga vovvar, Aftonbladet, 2
Volvo V70 - nu i var mans mun?, Svenska Dagbladet, 2008-01-30, 2
Visst lönar det sig med lågenergilampor, Dagens Nyheter, 2008-01-30, 2
Vinstfall för US Steel, Svenska Dagbladet, 2008-01-30, 2
Vargen i östra Norrbotten får skjutas, Dagens Nyheter, 2008-01-30, 2
Varför får vi gamla skattebroschyrer?, Svenska Dagbladet, 2008-01-30, 2
Varning för börsen 2008, Dagens Nyheter, 2008-01-30, 1
Var femte jobbsökande ljuger i meritförteckningen, Dagens Nyheter, 2008-01-30, 1
Var tionde bort från Tullen, Dagens Nyheter, 2008-01-30, 2
Vampire Weekend, Dagens Nyheter, 2008-01-30, 2
Vad pirater och anti-pirater borde tala om, Svenska Dagbladet, 2008-01-30, 2
Vaccinfabrik läggs i malpåse, Svenska Dagbladet, 2008-01-30, 2
Uppåt efter stillsam börsdag, Svenska Dagbladet, 2008-01-30, 2
Upprört när afghaner avvisas, Svenska Dagbladet, 2008-01-30, 2
Upplysningsbolagen siktar på fler tjänster i framtiden, Dagens Nyheter, 2008-01-30, 2
Upp till bevis, Dagens Nyheter, 2008-01-30, 1
Ung flicka rispades av ungdomar, Dagens Nyheter, 2008-01-30, 2
USA väntar på maktskifte, Aftonbladet, 2008-01-30, 2
Utslagen i natt, Expressen, 2008-01-30, 2
Utskällda - då vann Linköping, Aftonbladet, 2008-01-30, 2
Träna 3 timmar - bli 10 år yngre, Aftonbladet, 2008-01-30, 2
Tretton greps i skånskt mc-tillslag, Dagens Nyheter, 2008-01-30, 2,
Tre allsvenska spelare kom med, Svenska Dagbladet, 2008-01-30, 2
Tranströmer skrivs i sten, Svenska Dagbladet, 2008-01-30, 2
Tillbaka till folkvagnen, Svenska Dagbladet, 2008-01-30, 2
Tidskriften Manas chefredaktör avgår, Dagens Nyheter, 2008-01-30, 2
Tidernas snabbaste lopp på 60, Svenska Dagbladet, 2008-01-30, 2
Thomas östros - ny ekonomisk politisk talesman, Expressen, 2008-01-30, 2
Thomas Bodström KU-anmäls, Svenska Dagbladet, 2008-01-30, 2
Tchadinsatsen kan förlängas, Svenska Dagbladet, 2008-01-30, 2
Tankbil välte i jättekrock på E 4, Dagens Nyheter, 2008-01-30, 2
Två miljoner hittade webb-tv:n, Svenska Dagbladet, 2008-01-30, 3
Tv-tittarna: UÄÄÄK!, Aftonbladet, 2008-01-30, 1
Ture Sventon firar 60 år, Aftonbladet, 2008-01-30, 2
Tussen tröttnade, Dagens Nyheter, 2008-01-30, 1
Tungt möte om ny svensk modell, Dagens Nyheter, 2008-01-30, 2
Tung motion till vaggan?, Dagens Nyheter, 2008-01-30, 2
Tufft klimat slår mot Glitnir, Svenska Dagbladet, 2008-01-30, 2
Tufft delår för RNB, Dagens Nyheter, 2008-01-30, 2
Sötningsmedel hot mot miljön, Svenska Dagbladet, 2008-01-30, 2
Söderling avstår Davis cup-mötet, Dagens Nyheter, 2008-01-30, 2
Såld: Första gurkan - för 250 kronor, Aftonbladet, 2008-01-30, 2
Så klarade hon krisen, Expressen, 2008-01-30, 2
Så kan lagen bli, Dagens Nyheter, 2008-01-30, 2
Så fick hon nya superkroppen, Expressen, 2008-01-30, 2
Spinnrockens roll, Expressen, 2008-01-30, 2
Snacka om tjurigt läge, Expressen, 2008-01-30, 2
Snabb bollpojke väcker ilska, Svenska Dagbladet, 2008-01-30, 2
Småländsk skinka kom från Halland, Dagens Nyheter, 2008-01-30, 2
Smärtor stoppade Carro, Svenska Dagbladet, 2008-01-30, 2
Smarta titlar välter inga kiosker, Dagens Nyheter, 2008-01-30, 2
Skärpta krav på vinterdäck, Aftonbladet, 2008-01-30, 2
Skällde på domaren - trots seger, Expressen, 2008-01-30, 2
Skrotpremie gick till fel fiskefartyg, Dagens Nyheter, 2008-01-30, 2
Skrotningspremie ska reducera fiskeflottan, Svenska Dagbladet, 2008-01-30, 2
Skott i natten - genom fönstren till två hem, Aftonbladet, 2008-01-30, 2
Skogstuppar, Dagens Nyheter, 2008-01-30, 2
Skellefteå rasade - igen: Men va fan, Aftonbladet, 2008-01-30, 2
Sjölejon dödade på Galapagos, Svenska Dagbladet, 2008-01-30, 2
Sjuttiotalsmusik som värmer, Dagens Nyheter, 2008-01-30, 2
Sju nya namn till Borlänge, Expressen, 2008-01-30, 2
Sista minuten till solen, Aftonbladet, 2008-01-30, 2
Sissoko klar för Juventus, Dagens Nyheter, 2008-01-30, 2
Sex debutanter i damlandslaget, Dagens Nyheter, 2008-01-30, 2
Sekretessen som försvann, Dagens Nyheter, 2008-01-30, 2
Sarkozy ilsken över flygannons, Dagens Nyheter, 2008-01-30, 2
Sahlin borde flytta på fler än Nuder, Aftonbladet, 2008-01-30, 2
STORGRÄT PÅ GATAN, Aftonbladet, 2008-01-30, 1
SL höjer tonen om nytt biljettsystem, Svenska Dagbladet, 2008-01-30, 2
Sverige måste importera el, Svenska Dagbladet, 2008-01-30, 2
Sverige måste bli bättre på att ta hem kapital, Svenska Dagbladet, 2008-01-30, 2
Sverige ombeds stanna längre i Tchad, Dagens Nyheter, 2008-01-30, 2
Sverige knäckte Finland, Dagens Nyheter, 2008-01-30, 2
Svensk framgång, Dagens Nyheter, 2008-01-30, 3
Svenskt damlandslag möter USA inför OS, Dagens Nyheter, 2008-01-30, 2
Svenskar gör film med Julianne Moore, Dagens Nyheter, 2008-01-30, 2
Svenska fiskare inga stora miljöbovar, Dagens Nyheter, 2008-01-30, 2
Svajig dag inför räntebesked, Svenska Dagbladet, 2008-01-30, 2
Studenter kan få bära sjal, Svenska Dagbladet, 2008-01-30, 2
Stort intresse för EM-biljetter, Dagens Nyheter, 2008-01-30, 2
Stort och litet, Dagens Nyheter, 2008-01-30, 2
Stor asteroid passerade nära jorden, Dagens Nyheter, 2008-01-30, 2
Stockholmarnas klump i magen krymper, Svenska Dagbladet, 2008-01-30, 1
Staka ut vägen till 40 000 per månad, Svenska Dagbladet, 2008-01-30, 2
Rånare höll 30 fångna i bank, Aftonbladet, 2008-01-30, 2
Rätt om tandläkarpriser, Expressen, 2008-01-30, 2
Riksbanken borde höjt räntan snabbare, Dagens Nyheter, 2008-01-30, 2
Rev ner sin pappas Xbox - slogs ihjäl, Aftonbladet, 2008-01-30, 1
Rekordvarm januari kom med rabarber och nypotatis, Dagens Nyheter, 2008-01-30, 2
Rekordmånga fortkörare fast, Aftonbladet, 2008-01-30, 2
Regler ska stoppa Pomperipossaeffekt, Dagens Nyheter, 2008-01-30, 2
Regeringen ger Göran Persson nytt toppjobb, Expressen, 2008-01-30, 2
Rahimi slutar på Mana, Svenska Dagbladet, 2008-01-30, 2
Rutin i massor i DC-truppen, Svenska Dagbladet, 2008-01-30, 2
På modets villkor, Dagens Nyheter, 2008-01-30, 2
Protokoll går i graven, Svenska Dagbladet, 2008-01-30, 2
Postrånarna kom över pass och id-handlingar, Dagens Nyheter, 2008-01-30, 2
Postmannen ringer alltid två gånger, Expressen, 2008-01-30, 2
Pirater lockade flest biobesökare, Dagens Nyheter, 2008-01-30, 2
Perssons nya jobb, Aftonbladet, 2008-01-30, 2
Persson tar över Sveaskog, Svenska Dagbladet, 2008-01-30, 2
Persson får toppjobb i skogen, Dagens Nyheter, 2008-01-30, 2
Persson fick hans toppjobb, Aftonbladet, 2008-01-30, 2
Patric Sjöberg ny chef för Mässan, Dagens Nyheter, 2008-01-30, 2
Parterna inleder krissamtal Kenyas president Kibaki och oppositionsledaren, Dagens Nyheter, 2008-01-30, 2
Paret bluffade om nyfödda sexlingar, Expressen, 2008-01-30, 1
Putins favorit vägrar delta i tevedebatter, Dagens Nyheter, 2008-01-30, 2
Public service - vad spelar det för roll?, Aftonbladet, 2008-01-30, 1
Lögnerna handlar om lön och ålder, Dagens Nyheter, 2008-01-30, 1
Lönsam investering, Expressen, 2008-01-30, 3
Låssystem oroar personal på Österåker, Dagens Nyheter, 2008-01-30, 2
Lärarens prov: Göra sämsta klassen bäst, Aftonbladet, 2008-01-30, 2
Läkemedel faller med AstraZeneca, Svenska Dagbladet, 2008-01-30, 2
Lotta Bromé tillbaka på SR, Svenska Dagbladet, 2008-01-30, 2
Lojalitet och anpasslighet vinnande egenskaper, Dagens Nyheter, 2008-01-30, 2
Ljus över skum park, Svenska Dagbladet, 2008-01-30, 2
Ljiljana Dufgran om kulturrådets patriarker: Varning för de svenska, Expressen, 2008-01-30, 1
Linköping närmar sig toppen, Dagens Nyheter, 2008-01-30, 2
Lille prinsens skapare visar helt andra sidor, Svenska Dagbladet, 2008-01-30, 2
Lilian akuttill sjukhus, Aftonbladet, 2008-01-30, 1
Leicester Square fräschas upp, Aftonbladet, 2008-01-30, 2
Leksand värvar backen Jackman, Svenska Dagbladet, 2008-01-30, 2
Lars-Rolands långa kontrakt påverkade uttagningen: Kan gå snabbt, Expressen, 2008-01-30, 2
Lastbilar tvingas ha vinterdäck - Vägverket kräver att få större, Dagens Nyheter, 2008-01-30, 2
Lantmännen tar över GoGreen, Svenska Dagbladet, 2008-01-30, 2
Landslagstruppen mot Turkiet, Dagens Nyheter, 2008-01-30, 2
Lagerbäck släpper fram talangerna mot Turkiet, Dagens Nyheter, 2008-01-30, 2
Lugna gatan får fortsätta arbeta i tunnelbanan, Dagens Nyheter, 2008-01-30, 2
Köpfesten på väg ta slut, Svenska Dagbladet, 2008-01-30, 1
Kärleks-sorg - då får du ledigt, Aftonbladet, 2008-01-30, 2
Kändisarnas bebisrace, Aftonbladet, 2008-01-30, 2
Kryssningar fortsätter öka, Aftonbladet, 2008-01-30, 2
Krock dödade minst 14, Dagens Nyheter, 2008-01-30, 2
Kraftig vinstökning för Eli Lilly, Svenska Dagbladet, 2008-01-30, 2
Kontio sitter på chanserna, Dagens Nyheter, 2008-01-30, 2
Konstnären Bengt Lindström är död, Dagens Nyheter, 2008-01-30, 2
Kommunal synar en privat förskola, Svenska Dagbladet, 2008-01-30, 2
Kollektivavtalsstrid blossar upp i skola, Dagens Nyheter, 2008-01-30, 2
Knäskadad Keene missar hela våren, Svenska Dagbladet, 2008-01-30, 2
Klockren exportvara, Svenska Dagbladet, 2008-01-30, 3
Klaga månde 60-talisterna, Expressen, 2008-01-30, 1
Kinas ambassad kan inte stoppa show, Dagens Nyheter, 2008-01-30, 2
Khaders parti faller sönder, Svenska Dagbladet, 2008-01-30, 2
Karlstad demonstrerade för afghaner, Dagens Nyheter, 2008-01-30, 2
Kastade ut baby från bil, Aftonbladet, 2008-01-30, 1
Kallurs världstid enda toppbetyget, Dagens Nyheter, 2008-01-30, 2
Kvinna med kvaliteter, Dagens Nyheter, 2008-01-30, 2
Kunskapshål, Dagens Nyheter, 2008-01-30, 1
Kulturskymning. Timbro räknar i stället för att debattera, Dagens Nyheter, 2008-01-30, 1
Kuffour direkt in i hetluften, Dagens Nyheter, 2008-01-30, 2
Journalkaos hotar valfriheten, Svenska Dagbladet, 2008-01-30, 1
John McCain ett litet steg närmare presidentposten, Aftonbladet, 2008-01-30, 2
Jokkmokk - rena vildmark en, Aftonbladet, 2008-01-30, 2
Jag streckar alla mina uppsittningar, Expressen, 2008-01-30, 2
Jag vet precis hur blottare känner sig, Aftonbladet, 2008-01-30, 2
Jag trodde det var hjärtinfarkt, Aftonbladet, 2008-01-30, 2
Isak är gladare numera, Dagens Nyheter, 2008-01-30, 3
Inte utan min... vovve, Expressen, 2008-01-30, 2
Inte riskfritt framställa nya läkemedel, Dagens Nyheter, 2008-01-30, 2
Instegsjobb, Dagens Nyheter, 2008-01-30, 2
Inför bättre koll på fjärrvärmepriset, Expressen, 2008-01-30, 2
I skuggan av gröna vågen, Dagens Nyheter, 2008-01-30, 1
Höjdduellen - den vann Stefan Holm, Svenska Dagbladet, 2008-01-30, 2
Högre ränta och starkare krona, Svenska Dagbladet, 2008-01-30, 2
Håller hela vägen, Expressen, 2008-01-30, 2
Här skämmer hon ut sig på filmgalan, Expressen, 2008-01-30, 1
Här dör bilar på ett mystiskt sätt, Expressen, 2008-01-30, 1
Här ger de Hitler en känga, Aftonbladet, 2008-01-30, 2
Här badar kulturen i oljepengar, Dagens Nyheter, 2008-01-30, 2
HäR BRYTER HON IHOp, Expressen, 2008-01-30, 1
Hjälp mig, jag är visst en kulturtant på 30-plus, Aftonbladet, 2
Hillary valde fel kampsång, Aftonbladet, 2008-01-30, 2
Hatbrott ingår i polisens utbildning, Aftonbladet, 2008-01-30, 2
Hans verk blev ofta förfalskade, Expressen, 2008-01-30, 1
Han är en evig opponent, Dagens Nyheter, 2008-01-30, 2
Halverat antal arbetssjukdomar, Svenska Dagbladet, 2008-01-30, 2
Hundratusentals flydde från Darfur, Dagens Nyheter, 2008-01-30, 2
Hundra år av krossade drömmar, Dagens Nyheter, 2008-01-30, 1
Göm afghanerna!, Aftonbladet, 2008-01-30, 2
Gossip girl har ett djup under allt överspelande, Aftonbladet, 2008-01-30, 2
Ge fingret åt köerna! Ny incheckningsmetod ska korta väntetiden för, Dagens Nyheter, 2008-01-30, 2
Gandhis aska strös i havet, Aftonbladet, 2008-01-30, 2
Gwen gravid igen, Expressen, 2008-01-30, 2
Gudars tröst, Expressen, 2008-01-30, 2
Första hjälpen för skivbutiker, Svenska Dagbladet, 2008-01-30, 1
Första fallet av sjukhussjukan hos häst, Dagens Nyheter, 2008-01-30, 1
Förgiftad av sin fru - blev döv och blind, Aftonbladet, 2008-01-30, 1
Färre blir sjuka av jobbet, Dagens Nyheter, 2008-01-30, 2
Färgmästaren är borta, Aftonbladet, 2008-01-30, 2
Frös in frun - klagade på frysen, Aftonbladet, 2008-01-30, 1
Frölunda ska bli NHL-klubb, Aftonbladet, 2008-01-30, 2
Från kennelklubben, Expressen, 2008-01-30, 2
Frågan splittrar artister, Svenska Dagbladet, 2008-01-30, 2
Fransman tar över som balettchef på Operan, Dagens Nyheter, 2008-01-30, 2
Fortsatt uppåt för råoljan, Svenska Dagbladet, 2008-01-30, 2
Formsvaga lag möts i London, Dagens Nyheter, 2008-01-30, 2
Folkstorm räddar Gert, Aftonbladet, 2008-01-30, 2
Folktandvården blir dyrare, Dagens Nyheter, 2008-01-30, 2
Fler ser svenska filmer på bio, Svenska Dagbladet, 2008-01-30, 2
Finsk hockeystjärna riskerar fängelse, Dagens Nyheter, 2008-01-30, 2
Finns det ingen som Britney kan lita på?, Expressen, 2008-01-30, 1
Film om tortyr i Abu Ghraib tävlar i Berlin, Dagens Nyheter, 2008-01-30, 2
Fiasko villkor för nya tag, Svenska Dagbladet, 2008-01-30, 2
Fejken som lurade Kultursverige, Expressen, 2008-01-30, 1
Febern har nu slagit över i total hysteri, Aftonbladet, 2008-01-30, 1
Fattas bara fästman, Dagens Nyheter, 2008-01-30, 2
Energibolagens värde ökar, Svenska Dagbladet, 2008-01-30, 2
En temperamentsfull kolorist är död, Svenska Dagbladet, 2008-01-30, 2
En indieversion av Sex and the City, Svenska Dagbladet, 2008-01-30, 2
En förlorad värld, Dagens Nyheter, 2008-01-30, 2
En fantastisk utopi, Dagens Nyheter, 2008-01-30, 2
En estets blick på medeltiden, Svenska Dagbladet, 2008-01-30, 2
Elever kränktes av skolpersonal, Expressen, 2008-01-30, 2
Elever vill bli smartare - dopar sig, Aftonbladet, 2008-01-30, 1
Ekonomin viktig för äldre Floridaväljare, Dagens Nyheter, 2008-01-30, 2
Ekonom varnar för prisfall på bostäder, Dagens Nyheter, 2008-01-30, 2
Egypten täpper till Gazagräns, Dagens Nyheter, 2008-01-30, 2
Efterträdaren heter Östros, Aftonbladet, 2008-01-30, 2
EU lämnar walkover i fildelningsfrågan, Dagens Nyheter, 2008-01-30, 2
EU ger klartecken att jaga fildelare, Svenska Dagbladet, 2008-01-30, 2
Experten: Det är extra viktigt att vara tydlig, Expressen, 2008-01-30, 2
Dömd läkare slipper nya åtal, Aftonbladet, 2008-01-30, 2
Därför fick Nuder gå, Expressen, 2008-01-30, 2
Det här vill Vägverket göra, Dagens Nyheter, 2008-01-30, 2
Det gamla spelet om en kur, Dagens Nyheter, 2008-01-30, 2
Demokraterna behöver stöd, Svenska Dagbladet, 2008-01-30, 2
Dyrt och dumt, Dagens Nyheter, 2008-01-30, 1
Dubbelmoral, Expressen, 2008-01-30, 1
Du får vad du vill ha, Aftonbladet, 2008-01-30, 2
Bättre fart i julhandeln, Dagens Nyheter, 2008-01-30, 2
Bästa lärarna ska lyfta sämsta klassen, Dagens Nyheter, 2008-01-30, 2
Bröllop - och nytt testamente, Expressen, 2008-01-30, 2
Bryta om kan vinna Slangbellan, Dagens Nyheter, 2008-01-30, 2
Bromé tillbaka i radio, Expressen, 2008-01-30, 2
Brittiska kulturbidrag blir kvar, Svenska Dagbladet, 2008-01-30, 2
Brevet till Brezjnev, Expressen, 2008-01-30, 2
Brandmäns kläder kan ge cancer, Aftonbladet, 2008-01-30, 1
Bra snurr på Turbo-3G, Svenska Dagbladet, 2008-01-30, 2
Bounce får mer pengar till långfilm, Svenska Dagbladet, 2008-01-30, 2
Bostadsrättsägare tog för hög andrahandshyra, Dagens Nyheter, 2008-01-30, 2
Billigaste bredbandet, Expressen, 2008-01-30, 2
Billiga kopior ger Astra Zeneca magsår, Dagens Nyheter, 2008-01-30, 2
Bilen behövs även i Stockholm, Dagens Nyheter, 2008-01-30, 2
Beväpnade gäng härjar i Kenya, Svenska Dagbladet, 2008-01-30, 1
Betänketid för Napolitano, Dagens Nyheter, 2008-01-30, 2
Barn ska inte stukas till lydnad, Dagens Nyheter, 2008-01-30, 1
Bankrånare tog gisslan i Venezuela, Svenska Dagbladet, 2008-01-30, 2
Bankrånare på flykt med gisslan, Svenska Dagbladet, 2008-01-30, 2
Bankrånare med gisslan gav upp, Svenska Dagbladet, 2008-01-30, 2
Bandidosmedlemmar greps för skattebrott, Svenska Dagbladet, 2008-01-30, 2
Balladerna når änglahöjd, Svenska Dagbladet, 2008-01-30, 3
Byt a-kassa - och spara tusenlappar, Aftonbladet, 2008-01-30, 2
Antalet cancerfall i världen växer, Svenska Dagbladet, 2008-01-30, 2
Annandag pingst gör comeback, Aftonbladet, 2008-01-30, 2
Allt dyrare kolla numret, Dagens Nyheter, 2008-01-30, 2
Avvisade kvinnor får 20000 var, Svenska Dagbladet, 2008-01-30, 2
Avtal om nytt biljettsystem kan hävas, Dagens Nyheter, 2008-01-30, 2
Avgick du för det här, Persson?, Aftonbladet, 1
Osäkrad aggressivitet. Andlöst spännande när Jens Liljestrand synar, Dagens Nyheter, 2008-01-30, 2
Oscar Carlén: Hammarby borta blir tuffaste matchen på säsongen, Dagens Nyheter, 2008-01-30, 2
Operabaletten får fransk chef, Svenska Dagbladet, 2008-01-30, 2
Oden, vilken brakfest, Aftonbladet, 2
Ocoolt blir hippt, Aftonbladet, 2008-01-30, 2
Och nästa framtidsman ska tänka likadant, Svenska Dagbladet, 2008-01-30, 2
Något uppåt för råoljan, Svenska Dagbladet, 2008-01-30, 2
När modet kom till byn, Expressen, 2008-01-30, 3
Norrland blir två storregioner, Svenska Dagbladet, 2008-01-30, 2
Norrtälje billigast, Dagens Nyheter, 2008-01-30, 2
Nordman tänker bränna häxa på scen, Svenska Dagbladet, 2008-01-30, 2
Nigeria och Elfenbenskusten vidare, Dagens Nyheter, 2008-01-30, 2
Nigellas barn får inte ärva, Aftonbladet, 2008-01-30, 2
New Kids on the Block gör gubbig comeback, Svenska Dagbladet, 2008-01-30, 2
Ny roll för Tekniska nämndhuset, Svenska Dagbladet, 2008-01-30, 2
Ny alliance faller sönder, Dagens Nyheter, 2008-01-30, 2
Ny mäklarlag ger mer konsumentinsyn, Svenska Dagbladet, 2008-01-30, 2
Nubben på väg till Frölunda, Dagens Nyheter, 2008-01-30, 2
Nu är rollistan klar för Det våras för Hitler, Expressen, 2008-01-30, 2
Nu tar rocken över i Berlin, Aftonbladet, 2008-01-30, 2
Nu skapar vi miljöjobb!, Aftonbladet, 2008-01-30, 2
Nu stänger fönstret, Dagens Nyheter, 2008-01-30, 2
Misslyckad jobbsatsning för nyanlända invandrare, Dagens Nyheter, 2008-01-30, 2
Misskötselns pris Ragnar Roos: Nu får USA betala., Dagens Nyheter, 2008-01-30, 2
Missa inte att äta pinnekött, Dagens Nyheter, 2008-01-30, 2
Ministern är klonad med LRF, Aftonbladet, 2008-01-30, 2
Miljonerna som ska få hem Allbäck, Aftonbladet, 2008-01-30, 2
Mer konsumentinsyn i ny mäklarlag, Svenska Dagbladet, 2008-01-30, 2
Mederlind dras till det brutala, Svenska Dagbladet, 2008-01-30, 2
Matte söker husse, Expressen, 2008-01-30, 2
Maria ungdom kan bli privatägt, Aftonbladet, 2008-01-30, 2
Man krossad under sågverksmaskin, Aftonbladet, 2008-01-30, 1
Maja - om katten får bestämma, Expressen, 2008-01-30, 2
Maktbalansen har rubbats, Svenska Dagbladet, 2008-01-30, 2
Muslimska kvinnor får skadestånd, Dagens Nyheter, 2008-01-30, 2
Muslimsk soldat skulle mördas, Svenska Dagbladet, 2008-01-30, 2
Musharraf till offensiv mot landets talibaner, Svenska Dagbladet, 2008-01-30, 2
M-grupp spanar efter ungas framtidshopp, Dagens Nyheter, 2008-01-30, 2
53 sjölejon på Galapagos slogs ihjäl, Dagens Nyheter, 2008-01-30, 1
5 kulturevenemang i världen just nu, Dagens Nyheter, 2008-01-30, 2
59-åring åtalas för barnporrinnehav, Svenska Dagbladet, 2008-01-30, 2
38 nya chefer tillsatta av regeringen Reinfeldt, Dagens Nyheter, 2008-01-30, 2
2008 väntas bli mild, Dagens Nyheter, 2008-01-30, 2
13 ur Bandidos greps, Svenska Dagbladet, 2008-01-30, 2
Tekniken stämde perfekt, Svenska Dagbladet, 2008-01-30, 2
Regeringen klarar inte regniga dagar, Svenska Dagbladet, 2008-01-30, 1
Krämare ger liv åt staden, Svenska Dagbladet, 2008-01-30, 1
Jag tycker inte att vi gjort fel, Svenska Dagbladet, 2008-01-30, 2
JAG ÄR I CHOCK, Expressen, 2008-01-30, 1
Ett dråpslag mot tullverksamheten, Svenska Dagbladet, 2008-01-30, 1
- TV 4 förstörde hela min karriär, Aftonbladet, 2008-01-30, 1
Överskottsenergi räddar inte festen, Svenska Dagbladet, 2009-02-26, 2
Överflödigt i stället för en hit, Aftonbladet, 2009-02-26, 2
Öka statsbidragen - rädda jobben i offentliga sektorn, Aftonbladet, 2009-02-26, 2
Ödesdrama i ny dräkt, Dagens Nyheter, 2009-02-26, 2
Åke Skeppare, Svenska Dagbladet, 2009-02-26, 2
YSL-auktion slog världsrekord, Svenska Dagbladet, 2009-02-26, 2
Woods vinnare direkt i comebacken, Aftonbladet, 2009-02-26, 2
Witasps stjärna är snart miljonär, Dagens Nyheter, 2009-02-26, 2
Vårens viktigaste val: kavajen, Aftonbladet, 2009-02-26, 2
Vårdvalet har gjort vården sämre, Dagens Nyheter, 2009-02-26, 2
Vår uppgift är att stötta - och att utmana, Dagens Nyheter, 2009-02-26, 2
Värdet på fastigheter krymper, Svenska Dagbladet, 2009-02-26, 2
Vänner och flickvänner, Expressen, 2009-02-26, 2
Vikarierar för Graaf, Aftonbladet, 2009-02-26, 2
Victoria skickade iväg cynikern på semester, Expressen, 2009-02-26, 2
Vems idé var detta?, Aftonbladet, 2009-02-26, 1
Vd:n sätter hoppet till nya 9-3X, Dagens Nyheter, 2009-02-26, 2
Varning för örtbaserat tillskott, Svenska Dagbladet, 2009-02-26, 2
Var fjärde svensk har shoppat på nätet, Dagens Nyheter, 2009-02-26, 2
Vad hände med vår integritet?, Aftonbladet, 2009-02-26, 1
Unga Klara kan bli egen teater, Dagens Nyheter, 2009-02-26, 2
Tack och lov blev jag inte gift, Dagens Nyheter, 2009-02-26, 2
Tysk miljardär jagar Olsson, Aftonbladet, 2009-02-26, 2
Två extra nollor gav tung order, Svenska Dagbladet, 2009-02-26, 2
Tv-kanaler storsatsar på bröllop, Svenska Dagbladet, 2009-02-26, 2
Tuff väg till succé, Svenska Dagbladet, 2009-02-26, 2
Tuff kritik mot statliga jobbcoacher, Dagens Nyheter, 2009-02-26, 2
Södertälje tar tillbaka, Dagens Nyheter, 2009-02-26, 2
Så fjollig som en mjölk, Expressen, 2009-02-26, 2
Så blir deras framtid ihop, Aftonbladet, 2009-02-26, 2
Sopåkarna tror på avtal till helgen, Dagens Nyheter, 2009-02-26, 2
Som i gamla tider, Expressen, 2009-02-26, 2
Skenheligt att gömma sig bakom ungdomen, Aftonbladet, 2009-02-26, 1
Sjukhuschef åtalas för bedrägeri, Dagens Nyheter, 2009-02-26, 2
Sen start för etiska krav på färsk frukt, Svenska Dagbladet, 2009-02-26, 2
Saabs sista (?) en pärla, Aftonbladet, 2009-02-26, 2
Saabklubben har kört på sedan 1976, Dagens Nyheter, 2009-02-26, 2
Svag krona kan ge brist på starka droppar, Svenska Dagbladet, 2009-02-26, 2
Största utmaningen är EU-valet, Dagens Nyheter, 2009-02-26, 2
Står finansfotbollen näst i tur att drabbas av krisen?, Aftonbladet, 2009-02-26, 2
Städad slöjdsalong, Dagens Nyheter, 2009-02-26, 2
Studenter ska få bidrag i bara fyra år, Dagens Nyheter, 2009-02-26, 2
Student sålde knark på nätet till unga, Dagens Nyheter, 2009-02-26, 2
Stormvarning för rederierna, Svenska Dagbladet, 2009-02-26, 2
Storbrand på hotell, Svenska Dagbladet, 2009-02-26, 2
Stoppa fetmaepidemin med mindre tv och mer motion, Dagens Nyheter, 2009-02-26, 2
Stopp i Saab-fabriken, Dagens Nyheter, 2009-02-26, 2
Stockholm lockar Moras kranskulla, Svenska Dagbladet, 2009-02-26, 2
Statistik sänkte USA-börserna, Svenska Dagbladet, 2009-02-26, 2
Staden säljer fastigheter för 36 miljoner, Dagens Nyheter, 2009-02-26, 2
S-politiker vill få bort hakkorset, Svenska Dagbladet, 2009-02-26, 2
Rånpengar tvättas i bankautomater, Svenska Dagbladet, 2009-02-26, 2
Romantisk återupprättelse, Svenska Dagbladet, 2009-02-26, 2
Rimmar illa med verkligheten, Aftonbladet, 2009-02-26, 2
Rihanna uppges gravid, Expressen, 2009-02-26, 2
Rebeller dömda för krigsbrott, Dagens Nyheter, 2009-02-26, 2
Rwanda-soldater ut ur Kongo, Svenska Dagbladet, 2009-02-26, 2
På semester i Paris - ihop, Aftonbladet, 2009-02-26, 2
PÅ JAKT EFTER SAMMA JOBB, Expressen, 2009-02-26, 1
Polisen utreder inte Björkman för juryfusk, Aftonbladet, 2009-02-26, 2
Planet gick plötsligt rakt ned, Dagens Nyheter, 2009-02-26, 2
Pirogen - ett bättre mellanmål än du tror, Aftonbladet, 2009-02-26, 2
Pinones-Arce kallade sportchef f***a: Vill inte släppa mig, Aftonbladet, 2009-02-26, 1
Pengarna borde räcka till en plakett i baren, Svenska Dagbladet, 2009-02-26, 2
PL-spelare misstänkta för misshandel, Expressen, 2009-02-26, 2
Pyromanen på stadshotellet, Aftonbladet, 2009-02-26, 2
Lågkonjunkturen kan betyda snabbare renovering av skolor, Dagens Nyheter, 2009-02-26, 2
Lång förlovning en tradition, Aftonbladet, 2009-02-26, 2
Lättviktigt med fina dueller, Svenska Dagbladet, 2009-02-26, 2
Läkemedelsverket varnar för Fortodol, Dagens Nyheter, 2009-02-26, 1
Lägre avkastning för Folksam, Dagens Nyheter, 2009-02-26, 2
Locke blir handelsminister, Svenska Dagbladet, 2009-02-26, 2
Lockas du att köpa böcker på rean?, Aftonbladet, 2009-02-26, 2
Lindgården rivs och ger plats för hotell och restaurang, Dagens Nyheter, 2009-02-26, 2
Lindwall: Han fattar inte att prins Daniel är en modern man, Expressen, 2009-02-26, 2
Liljegren kan bli SOK-medlare i konflikten med RF, Dagens Nyheter, 2009-02-26, 2
Leppe Sundevall död, Dagens Nyheter, 2009-02-26, 2
Lejon och lamm, Expressen, 2009-02-26, 2
LITA INTE PÅ USA, Expressen, 2009-02-26, 1
Lyxhuset skadat av radon - nu kan Stockholms slott bli deras nya hem, Aftonbladet, 2009-02-26, 2
Kårobligatoriet avskaffas, Dagens Nyheter, 2009-02-26, 1
Källor: Rihanna var gravid, Aftonbladet, 2009-02-26, 1
Kronprinsessan har gjort helt rätt val, Dagens Nyheter, 2009-02-26, 2
Kritik mot rekonstruktionen, Dagens Nyheter, 2009-02-26, 2
Kritik mot Israel är inte antisemitism, Expressen, 2009-02-26, 2
Kraftigt fall för Japans export, Dagens Nyheter, 2009-02-26, 2
Konflikterna ökar i jobbkrisens spår, Aftonbladet, 2009-02-26, 2
Kommer Victoria att heta Westling?, Dagens Nyheter, 2009-02-26, 2
Katt räddade familj när villan brann, Dagens Nyheter, 2009-02-26, 3
Kartlagd - med kortet, Aftonbladet, 2009-02-26, 1
Kurdiskt trots i parlamentet, Dagens Nyheter, 2009-02-26, 2
Kungahuset kan få ökade anslag, Svenska Dagbladet, 2009-02-26, 2
Japans export faller, Svenska Dagbladet, 2009-02-26, 2
Jag såg en man klyvas, Aftonbladet, 2009-02-26, 1
Jag känner igen mig i Salander, Dagens Nyheter, 2009-02-26, 2
Jag tar fram kanoten lite då och då, Aftonbladet, 2009-02-26, 2
Juicebrist efter datastrul, Svenska Dagbladet, 2009-02-26, 2
Isarna smälter allt snabbare, Svenska Dagbladet, 2009-02-26, 2
Iransk kärnreaktor färdig, Svenska Dagbladet, 2009-02-26, 2
Ipredlagen klubbades, Dagens Nyheter, 2009-02-26, 2
Internt bråk om Monas nya val, Expressen, 2009-02-26, 2
Integritetstrubbel, Dagens Nyheter, 2009-02-26, 2
Inspektör åtalas för körkortsmutor, Dagens Nyheter, 2009-02-26, 2
Ingång till Oz universum, Svenska Dagbladet, 2009-02-26, 2
Ingves flaggar för ny räntesänkning, Dagens Nyheter, 2009-02-26, 2
Högstadieelever mår bättre av qigong, Svenska Dagbladet, 2009-02-26, 2
Här är horoskopet för fästfolkets liv vid hovet, Aftonbladet, 2009-02-26, 2
Här filmas den misstänkte mordbrännare, Dagens Nyheter, 2009-02-26, 2
Här bråkar de - om prinsen, Aftonbladet, 2009-02-26, 2
Hälsokost kan vara livsfarligt, Aftonbladet, 2009-02-26, 1
HÄR ÄR ERT NYA SLOTT, Expressen, 2009-02-26, 2
HÄR ÄR DIN KLÄNNING, Expressen, 2009-02-26, 2
Hopplöst för sent, Expressen, 2009-02-26, 1
Hinner spara till pampigt bröllop, Expressen, 2009-02-26, 2
Heltidsstudenter får 2 684 kronor i bidrag, Dagens Nyheter, 2009-02-26, 2
Handlare gnuggar händerna inför vigseln, Dagens Nyheter, 2009-02-26, 2
Handelsminister nominerad, Dagens Nyheter, 2009-02-26, 2
Han helar och delar Norge, Aftonbladet, 2009-02-26, 2
H&M öppnar butik i Seoul, Svenska Dagbladet, 2009-02-26, 2
Gratis vinner alltid, Dagens Nyheter, 2009-02-26, 2
Gissa vem som fildelar i rättssalen, Expressen, 2009-02-26, 2
Geografiska murar kan lätt rivas ner, Svenska Dagbladet, 2009-02-26, 2
Ge dig inte, Paul!, Dagens Nyheter, 2
Försåtlig metod skapar partsinlaga, Svenska Dagbladet, 2009-02-26, 2
Förstärkt oro för konjunkturen, Dagens Nyheter, 2009-02-26, 2
Försiktiga banker handelshinder, Svenska Dagbladet, 2009-02-26, 2
Förlust för Bilprovningen, Dagens Nyheter, 2009-02-26, 2
Förintelseförnekande biskop hemma, Dagens Nyheter, 2009-02-26, 2
Före detta turistmål, Svenska Dagbladet, 2009-02-26, 2
Förväntningar à la Obama, Dagens Nyheter, 2009-02-26, 2
Fångar brickor i Mugabes maktspel, Svenska Dagbladet, 2009-02-26, 2
Fritzl-regissör hotad till livet, Svenska Dagbladet, 2009-02-26, 2
redsavtal kan stärka talibaner, Svenska Dagbladet, 2009-02-26, 2
Frankrikes president avslöjad som pirat, Dagens Nyheter, 2009-02-26, 2
Flyktingpolitik som sjunger ut, Aftonbladet, 2009-02-26, 2
Flygbolag avbokar nya plan, Svenska Dagbladet, 2009-02-26, 2
Fler måste stoppas, Expressen, 2009-02-26, 1
Fjärde olyckan sedan början av 1990-talet, Dagens Nyheter, 2009-02-26, 2
Finland vill höja pensionsåldern, Svenska Dagbladet, 2009-02-26, 2
Fiaskon att minnas, Dagens Nyheter, 2009-02-26
Fem döda i uppror, Svenska Dagbladet, 2009-02-26, 2
Fel att födas till ett uppdrag, Expressen, 2009-02-26, 2
Fejkad orgasm?, Expressen, 2009-02-26, 2
Fyra års fängelse för nätpedofil, Svenska Dagbladet, 2009-02-26, 2
F1 - bit fOr bit, Aftonbladet, 2009-02-26, 2
Estnisk storspion straffas, Svenska Dagbladet, 2009-02-26, 2
Envishet - bästa bantningsmetoden, Aftonbladet, 2009-02-26, 3
Enström nätade för Atlanta, Dagens Nyheter, 2009-02-26, 2
En samlad palestinsk stat är Abbas mål, Dagens Nyheter, 2009-02-26, 2
En inskränkt lek med siffror, Dagens Nyheter, 2009-02-26, 1
En gyllene och en solkig saga, Svenska Dagbladet, 2009-02-26, 2
En natt med Proust eller två radiotimmar, Svenska Dagbladet, 2009-02-26, 2
Disciplinnämnd utreder ryttare, Svenska Dagbladet, 2009-02-26, 2
Deutsche Post redovisar förlust, Dagens Nyheter, 2009-02-26, 2
Detta kan bli sista Saaben, Expressen, 2009-02-26, 1
Det är nåt som inte stämmer, Expressen, 2009-02-26, 2
Det är Ipred, Aftonbladet, 2009-02-26, 2
Det går framåt för kurdiskan, Dagens Nyheter, 2009-02-26, 2
Det finns alltid en väg tillbaka, Aftonbladet, 2009-02-26, 3
Det ekar tomt på Pompidou i Paris, Dagens Nyheter, 2009-02-26, 2
Det blev lite fel, Dagens Nyheter, 2009-02-26, 1
Den skrivande elitsoldaten, Dagens Nyheter, 2009-02-26, 2
Den rojalistiska yran är så sorglig, Dagens Nyheter, 2009-02-26, 2
Den nya mannen, Expressen, 2009-02-26, 2
Den blodiga långfredagen, Expressen, 2009-02-26, 1
De räddades - av sin katt, Aftonbladet, 2009-02-26, 3
De hänger inte med, Expressen, 2009-02-26, 1
Danske Bank sänker boräntor, Dagens Nyheter, 2009-02-26, 2
DET VÅRAS FÖR VÅREN, Aftonbladet, 2009-02-26, 3
DE ÄR EUROPAS HÄRSKARE, Expressen, 2009-02-26, 2
DE SKYDDADE HEMLIGHETEN, Expressen, 2009-02-26, 1
Barnstjärnor från slummen får nya hem, Svenska Dagbladet, 2009-02-26, 2
Barnbokens historia i nytt verk, Dagens Nyheter, 2009-02-26, 2
Banker riskerar sämre betyg, Svenska Dagbladet, 2009-02-26, 2
Byråkrati på hög nivå, Expressen, 2009-02-26, 2
Byggsvackan väntas bli kort, Dagens Nyheter, 2009-02-26, 2
Byggbolagen håller på, Svenska Dagbladet, 2009-02-26, 2
Anders kommer aldrig att lämna Saab i sticket, Dagens Nyheter, 2009-02-26, 3
Alla bantningsmetoder ger dig lika dåligt resultat, Dagens Nyheter, 2009-02-26, 1
Axfood satsar rättvist, Svenska Dagbladet, 2009-02-26, 3
Osäker karriärplanering, Dagens Nyheter, 2009-02-26, 2
Opelanställda mobiliserar - Demonstrationer på flera platser i dag för, Dagens Nyheter, 2009-02-26, 2
Ond aning, Expressen, 2009-02-26, 1
Omvärldens finanskris hotar Kinas öppning, Svenska Dagbladet, 2009-02-26, 1
Obama lovar reformer trots krisen, Dagens Nyheter, 2009-02-26, 2
Oavgjort i svenskmötet, Svenska Dagbladet, 2009-02-26, 2
Nöjd personal år efter år, Dagens Nyheter, 2009-02-26, 3
Nedkylning kan rädda livet på barn, Dagens Nyheter, 2009-02-26, 2
Naturalismen kryddar lunchen, Svenska Dagbladet, 2009-02-26, 2
Nya Windows 7-rykten, Svenska Dagbladet, 2009-02-26, 2
Nya Lie to me skulle behöva slappna av lite, Aftonbladet, 2009-02-26, 1
Ny Medea speglar vår tids utsatthet, Svenska Dagbladet, 2009-02-26, 2
Nu var det 1973, Expressen, 2009-02-26, 2
Nu splittras succéparet, Expressen, 2009-02-26, 2
Nu smäller det igen, 2009-02-26, 1
Nu står alla på tå för kungahuset, Aftonbladet, 2009-02-26, 1
Nu hänger allt på hushållen, Svenska Dagbladet, 2009-02-26, 1
Mörk start på året - och det fortsätter, Dagens Nyheter, 2009-02-26, 1
Minskad utländsk upplåning, Dagens Nyheter, 2009-02-26, 2
Miljonkrav på Pirate Bay för skivkrisen, Dagens Nyheter, 2009-02-26, 2
Michelle om sitt liv nya i Vita Huset: Vi trivs otroligt bra, Expressen, 2009-02-26, 3
Mellan succén och glömskan, Dagens Nyheter, 2009-02-26, 2
Mediernas hållning går inte riktigt ihop, Svenska Dagbladet, 2009-02-26, 1
Mats Odell hoppas på Mellanöstern, Dagens Nyheter, 2009-02-26, 3
Marteus: Sverige kommer alltid säga ja till Bernadotterna, Expressen, 2009-02-26, 1
Man fälld för dödsknuff i Lund, Svenska Dagbladet, 2009-02-26, 2
Maktskifte väntas i Baskien, Svenska Dagbladet, 2009-02-26, 2
Madeleine Sjöstedt har slösat vår tid, Svenska Dagbladet, 2009-02-26, 1
Magsjuka stoppade Jill Johnsons turnépremiär, Expressen, 2009-02-26, 2
Mackor som mockor, Dagens Nyheter, 2009-02-26, 1
MITT I PRICK, Expressen, 2009-02-26, 3
MISSTÄNKT FÖR NYTT BROTT, Expressen, 2009-02-26, 2
MELLBERG: DET HÄR BLIR TUFFT, Expressen, 2009-02-26, 1
MARCUS BIRRO: De italienska lagen hängde inte med, Expressen, 2009-02-26, 2
Mystisk bilbrand i centrala Peking, Dagens Nyheter, 2009-02-26, 2
M ser över vårdvalet i Stockholm, Aftonbladet, 2009-02-26, 2
Fords process med att försöka sälja Volvo, Svenska Dagbladet, 2009-02-26, 2
90-åring bestulen i sitt hem, Svenska Dagbladet, 2009-02-26, 2